{
  "PERSISTENT_MENU": {
    "setting_type": "call_to_actions",
    "thread_state": "existing_thread",
    "call_to_actions": [{
      "type": "postback",
      "title": "🎲 Tìm người mới",
      "payload": "AB_REROLL_CHAT_PARTNER"
    }, {
      "type": "postback",
      "title": "❌ Ngưng chat",
      "payload": "AB_STOP_CHAT"
    }]
  },
  "QUICK_REPLIES": {
    "START_CONVERSATION_PROMPT": [{
      "content_type": "text",
      "title": "💬 Tìm người chat",
      "payload": "AB_REROLL_CHAT_PARTNER"
    }]
  },
  "CALL_TO_ACTION": {
    "setting_type":"call_to_actions",
    "thread_state":"new_thread",
    "call_to_actions":[
      {
        "payload":"AB_START"
      }
    ]
  },
  "BUTTONS": {
    "USER_ENDED_PROMPT": [
      {
        "type": "postback",
        "title": "🎲 Tìm người mới",
        "payload": "AB_REROLL_CHAT_PARTNER"
      }
    ],
    "PARTNER_ENDED_PROMPT": [
      {
        "type": "postback",
        "title": "❌ Ngưng chat",
        "payload": "AB_STOP_CHAT"
      }
    ],
    "REROLL_RETRY": [
      {
        "type": "postback",
        "title": "🔄 Thử lại?",
        "payload": "AB_REROLL_CHAT_PARTNER"
      },
      {
        "type": "postback",
        "title": "❌Ngưng chat",
        "payload": "AB_STOP_CHAT"
      }
    ]
  }
}